{
    "description": "DO NOT DELETE THIS FILE. This file is used to keep track of which files have been synced in the most recent deployment. If you delete this file a resync will need to be done (which can take a while) - read more: https://github.com/SamKirkland/FTP-Deploy-Action",
    "version": "1.0.0",
    "generatedTime": 1677300947955,
    "data": [
        {
            "type": "file",
            "name": "README.md",
            "size": 327,
            "hash": "83ef4d3924cc841fd15b1b0f22addeadc5fc1434a10d1aa75af3d24c456fb29b"
        },
        {
            "type": "file",
            "name": "a.php",
            "size": 911,
            "hash": "36224d8826f009e853e9e7b2e8fe6f32ace920c4ec5e7fd8be93c46ebcb041ed"
        },
        {
            "type": "file",
            "name": "bookP.php",
            "size": 1475,
            "hash": "462d766205e535f1f5786ea5fc16e2d40c5cba3daffbfe2cce2930b3ceff2dd2"
        },
        {
            "type": "file",
            "name": "bookings.php",
            "size": 6971,
            "hash": "19964fa210782ab1e91758c4df5429aa2000873656f2cf7ceba26e05bbf66a92"
        },
        {
            "type": "file",
            "name": "checkbokk.php",
            "size": 330,
            "hash": "e2b122535e051f5ce4f190caee11daef5e8e00c714c4e1613fa550b2e1497688"
        },
        {
            "type": "file",
            "name": "conn.php",
            "size": 228,
            "hash": "c0118ae19c40a31aeaf73aba9c6102c6b46240f82a6bace9d07d68e0148446bd"
        },
        {
            "type": "folder",
            "name": "css"
        },
        {
            "type": "file",
            "name": "id19475742_drones.sql",
            "size": 7748,
            "hash": "8d4036034b328b873be257dd71f04afd9c2dc2f5e3d1f3762779a7ed145427bf"
        },
        {
            "type": "folder",
            "name": "images"
        },
        {
            "type": "file",
            "name": "index.php",
            "size": 557,
            "hash": "964044e1a6452abfa7e52173fe5f1a89fec6536b0dbef93fb015106b4cebece1"
        },
        {
            "type": "file",
            "name": "log.php",
            "size": 5026,
            "hash": "7f6a32c0ac7a398f758b0141183be7faabd9fcb1c6688e9d31c9827953063b4c"
        },
        {
            "type": "file",
            "name": "logD.php",
            "size": 3574,
            "hash": "e6ae7ea6f8795b5179e383d2cf57f15ca1fc001f24156bb872fbeb523ba8b442"
        },
        {
            "type": "file",
            "name": "loginpage.php",
            "size": 1772,
            "hash": "15eb85f168fac412d0412f2e1f2127277529ad0e985242aec7f9a45f3b0f2f95"
        },
        {
            "type": "file",
            "name": "regA.php",
            "size": 2062,
            "hash": "21ad4494479e25af76750a3b42999b2353adf754deb1c2b4d80f903da65fde4e"
        },
        {
            "type": "file",
            "name": "regP.php",
            "size": 1998,
            "hash": "003444ef8cdc7c183e905382b4680d64c35737d23b6409dd4f47764c07fa7e93"
        },
        {
            "type": "file",
            "name": "registerpage.php",
            "size": 4309,
            "hash": "e9502212ee5d76b1044b49bebda552c3fd8998f3521471269fd02d49839fff01"
        },
        {
            "type": "file",
            "name": "rep.php",
            "size": 2073,
            "hash": "066b70ff50b1b94df92e8811de0ccfa30093c7e83ae344c192fa6d8c4787e082"
        },
        {
            "type": "file",
            "name": "css/home.css",
            "size": 845,
            "hash": "4189c24c44d9b3ec9d9297234f2f2d80d694f7f48e1777765b0913d59190e201"
        },
        {
            "type": "file",
            "name": "css/main.css",
            "size": 3626,
            "hash": "b850a006ce3d4e49ba9cea11100c191719fcb3d50a59de087bdc09beca948664"
        },
        {
            "type": "file",
            "name": "css/register.css",
            "size": 2726,
            "hash": "94d901408c0b1fe88db7a3b0b957c046bf5b2564f5242363d2fde63da0239436"
        },
        {
            "type": "file",
            "name": "images/D.jpg",
            "size": 23460,
            "hash": "9cbb8b4f50d2c36de5022f2f31d7c7545383d2224d153a51800fd834dd1c5c17"
        },
        {
            "type": "file",
            "name": "images/home.png",
            "size": 48321,
            "hash": "8dd6062263313c9db1924c49535fca87c6fb0d0df73c322cf64a29541e444cac"
        },
        {
            "type": "file",
            "name": "images/slide-img.png",
            "size": 172409,
            "hash": "4d0f767e3177acd3be2e293f65d02f2c698c4cdad06c038eec556ad1e761ddb3"
        }
    ]
}