{
    "description": "DO NOT DELETE THIS FILE. This file is used to keep track of which files have been synced in the most recent deployment. If you delete this file a resync will need to be done (which can take a while) - read more: https://github.com/SamKirkland/FTP-Deploy-Action",
    "version": "1.0.0",
    "generatedTime": 1673675327577,
    "data": [
        {
            "type": "file",
            "name": "README.md",
            "size": 2715,
            "hash": "1afea394e79f98e38fecb1326eb169e1d7998e000a0bcc826f2b609f95ae5f22"
        },
        {
            "type": "file",
            "name": "abstraction.html",
            "size": 11655,
            "hash": "465f7a8c9fdce8f637ac7d591b80e17309aaee97f7b3e42eae18befae3f721d9"
        },
        {
            "type": "file",
            "name": "arrays.html",
            "size": 16444,
            "hash": "92ce780b19bf3054b995709fea757dbe0a3193efa888ce5214a6566ee02635a0"
        },
        {
            "type": "file",
            "name": "attributes.html",
            "size": 10574,
            "hash": "a26dda8d4753857f3e89fea7337f5831ce3fc9c526270867355ead5fc6f19ffd"
        },
        {
            "type": "file",
            "name": "boolean.html",
            "size": 12403,
            "hash": "248d49b11afc8ae3d7eafe7c6929d30c926e11ca1c084aca3f8aa5e96775043e"
        },
        {
            "type": "file",
            "name": "break.html",
            "size": 5078,
            "hash": "14db6b612fc773d46b3e7943336d475dec9c4f005254bad582c0233408eda38f"
        },
        {
            "type": "file",
            "name": "cmethords.html",
            "size": 16566,
            "hash": "87b3b85c51ceaa027e2eca0081bee6bcabc6c6a439b940959e0d9b0f3558bfd5"
        },
        {
            "type": "file",
            "name": "comments.html",
            "size": 7359,
            "hash": "0bbbf3f68edf92d5701f0f20c86999de0764ba2db5ebe15942666595cb61710d"
        },
        {
            "type": "file",
            "name": "constructors.html",
            "size": 14936,
            "hash": "d048068ea7bd22cded70bcdccf57733c07aa41968c95786e6428d8571adda395"
        },
        {
            "type": "file",
            "name": "datatype.html",
            "size": 25024,
            "hash": "aa8d244e2ed25be56934446c62f3ca76cb84b6fdba7d417e77a4c15c6b8e3080"
        },
        {
            "type": "file",
            "name": "datetime.html",
            "size": 12144,
            "hash": "9792b6c23f07373ba978fcc8bc33e7ca1448ded80a59825d8929ba32a114b0d7"
        },
        {
            "type": "file",
            "name": "encapsulation.html",
            "size": 12363,
            "hash": "61ebce3eeea36458d7d418f90fe88dae4ab0080fbb2d35aebde71c9e7624933d"
        },
        {
            "type": "file",
            "name": "enum.html",
            "size": 12405,
            "hash": "f42ef1df33c983e84cf47a7aa8450b644967ceb8707a99e3f6410c812fabc799"
        },
        {
            "type": "file",
            "name": "exceptions.html",
            "size": 18964,
            "hash": "1def46053eab1990f76ae9361d2edb38d6a23a5c90164e82acef67dddaabc55a"
        },
        {
            "type": "file",
            "name": "files.html",
            "size": 7941,
            "hash": "588e84b51c9f620c4fb42f5d08361f4f4b129ca74ff06c6ad6c8694f26885431"
        },
        {
            "type": "file",
            "name": "filesdelete.html",
            "size": 4029,
            "hash": "867f4fed09cf3b2492d16b4f00066a4bf447e3d00b1e1cb208df055a4d89d353"
        },
        {
            "type": "file",
            "name": "filesread.html",
            "size": 5845,
            "hash": "3a4ff6ad0abaf64a2c42f6e40038e01d0255ff42c29db2d0fdd9264f3d2fd5d8"
        },
        {
            "type": "file",
            "name": "fileswrite.html",
            "size": 7599,
            "hash": "13fdef6ebef2e20fc32ecc4dcf02ef027f1e90f86850c976c2cd78f7ca24ee6a"
        },
        {
            "type": "file",
            "name": "for.html",
            "size": 8083,
            "hash": "f6ae7f3421e23fd85c4138e7e25c4c50a3e7379e0500956dbae2840677fd6c9d"
        },
        {
            "type": "file",
            "name": "ifelse.html",
            "size": 15597,
            "hash": "de3db77ef9a55d48f6c46daf4d0b23a3115c013dfd1f21afc12d14ecf3a6f2f8"
        },
        {
            "type": "folder",
            "name": "images"
        },
        {
            "type": "file",
            "name": "index.html",
            "size": 5807,
            "hash": "95fe51819afc82e5b993f1a1f4bfc6c2562b2a3d30e1367c60d573a45aa550ed"
        },
        {
            "type": "file",
            "name": "inheritance.html",
            "size": 8850,
            "hash": "d90d099a36b88626cb7f78c2c38a9daa01e6eec415fdc5a248f6960c7b1280ef"
        },
        {
            "type": "file",
            "name": "innerclass.html",
            "size": 10172,
            "hash": "4b1f0cb2796e1d03f06ed42fee12b29c5627591c23c5d0a4a3fb066bb5c26d5e"
        },
        {
            "type": "file",
            "name": "interfaces.html",
            "size": 13932,
            "hash": "4dee5a6d4442083a175fbd23abb27badb0f74caec583771b77462912bc6cf076"
        },
        {
            "type": "folder",
            "name": "later use"
        },
        {
            "type": "file",
            "name": "math.html",
            "size": 5910,
            "hash": "7b0d0d5e1fa2cc4229cc676c3849731adeab6d84535847aed0d7d110c1e1a1ef"
        },
        {
            "type": "file",
            "name": "methords.html",
            "size": 10256,
            "hash": "6cf6d01512e636059b1ee49603b7af8a0bf57d9f96d4d9f616c54f4ad23b5069"
        },
        {
            "type": "file",
            "name": "modifiers.html",
            "size": 23481,
            "hash": "4a1c1e4da520391f0be01a6fae2678caa1e66f818b7748aa613902131b236d6c"
        },
        {
            "type": "file",
            "name": "objects.html",
            "size": 11247,
            "hash": "9620094c9f73604b1727979e4ccd02a64c414f6d1ffc5d21c907c7312c3ee28f"
        },
        {
            "type": "file",
            "name": "oop.html",
            "size": 10906,
            "hash": "7e8666fdaac86e4d1657be6a4f2833524423a7c44b65408ec965a5950479e560"
        },
        {
            "type": "file",
            "name": "operators.html",
            "size": 13106,
            "hash": "0918ba59ac3713d1d3a3723801e5ce5ea5b11ccacc5e50d92029c159884d1a74"
        },
        {
            "type": "file",
            "name": "output.html",
            "size": 9727,
            "hash": "3d74330fe20e306d04c0c641490645ba7234e9c6b8905ff4ecf9e0ad807c5e70"
        },
        {
            "type": "file",
            "name": "overloading.html",
            "size": 14502,
            "hash": "44977586d49aded47f4f2ee3066caab7332b51d30b610fd05fd759667b3d7e0f"
        },
        {
            "type": "file",
            "name": "parameters.html",
            "size": 13437,
            "hash": "b632658b242fbb3e3c732086a5d675066c2537f1d74c0939b21911ce3212ea33"
        },
        {
            "type": "file",
            "name": "polymorphism.html",
            "size": 12637,
            "hash": "0b5f02976b2898527565a34c0611ca08e504dc05f916a8b9fb9275b60af889e2"
        },
        {
            "type": "file",
            "name": "recursion.html",
            "size": 11759,
            "hash": "3bb056c6059937caccb3eac4d0c316589ebce880621f4be75c2b5675927efe58"
        },
        {
            "type": "file",
            "name": "scope.html",
            "size": 6905,
            "hash": "e356d5134db44ef6fbd6c242de26a087a4d8aea0a1225bc8eeb25ed9583f2bc1"
        },
        {
            "type": "folder",
            "name": "scripts"
        },
        {
            "type": "file",
            "name": "string.html",
            "size": 18046,
            "hash": "1870f1bbb899003238d25e101fef247038c4b2c71dcc8bd82bb928b709491bcc"
        },
        {
            "type": "folder",
            "name": "style"
        },
        {
            "type": "file",
            "name": "switch.html",
            "size": 8818,
            "hash": "327c986844d08d0dcd1fde73d5af4eee7b473a70f1dae32ec9e34f47f127bbc5"
        },
        {
            "type": "file",
            "name": "syntax.html",
            "size": 8371,
            "hash": "2fee3508580aee9617deb147d7ab10f88980b74ee385e0e01aa9ab34ac15c3c0"
        },
        {
            "type": "file",
            "name": "threads.html",
            "size": 17944,
            "hash": "2791dafb695644026d445f70993ee03326ee1b3dc48d050f24d0d97ab1f6bfc6"
        },
        {
            "type": "file",
            "name": "typecasting.html",
            "size": 4882,
            "hash": "9d5b96f6d6454d1d5a9ecebbbdc79609c74c350b606927b52b8a9b683f2386ca"
        },
        {
            "type": "file",
            "name": "update-later.txt",
            "size": 2078,
            "hash": "e629ffd1bf1104e9a901b79904c1e5cd6c09cf31637eabf203f40cd06f11130a"
        },
        {
            "type": "file",
            "name": "userinput.html",
            "size": 12071,
            "hash": "ee3f4eb8f45d427b7d7fd834c7cc3a9aeea9e6f857a90c73832e07d2fe6edbc2"
        },
        {
            "type": "file",
            "name": "variables.html",
            "size": 22197,
            "hash": "a2a4e5da4820de01a244e037e7f76eeec3a33740f2bc2a21555d1c699abb50d3"
        },
        {
            "type": "file",
            "name": "while.html",
            "size": 9292,
            "hash": "ef50baab2392501d349b4749e71b3f47fc47f38806d94d12c25fe4ef3478722b"
        },
        {
            "type": "file",
            "name": "wrapperclasses.html",
            "size": 8282,
            "hash": "f90c81d9b2c670d11f5cf8324692e06a3ecbf9a9b1d76db36822ba76aa288652"
        },
        {
            "type": "file",
            "name": "images/email.png",
            "size": 88255,
            "hash": "dbbe6416f755e54ab2d2a2637568e9cd298313fdf29ba45017d084ac12356127"
        },
        {
            "type": "file",
            "name": "later use/doc1.html",
            "size": 5019,
            "hash": "e46db7c60f7b48e06393fc826fd2f086d03e54588746c38c3d4a79f37c79d36f"
        },
        {
            "type": "file",
            "name": "later use/exp.html",
            "size": 36558,
            "hash": "84ea8236cb5e30690f4e92b9a4b407dbdc54e66a6c40053f4f09e37d5e82e3da"
        },
        {
            "type": "file",
            "name": "later use/exp1.html",
            "size": 71236,
            "hash": "5366aec24179df3876cc62a900f0f5b2b7101b072b27c1868f11a137bf09f723"
        },
        {
            "type": "file",
            "name": "later use/exp2.html",
            "size": 5201,
            "hash": "f1e2a8c09d3cd150666a222fc1e3c6728669ce101f3f8d2142e2c39909445a6f"
        },
        {
            "type": "file",
            "name": "scripts/ace.js",
            "size": 373313,
            "hash": "3335c4b987a08f1dbf304131b415decc72b1ee2d9d74dbb534fa86f8ac2833b8"
        },
        {
            "type": "file",
            "name": "scripts/article.js",
            "size": 5885,
            "hash": "c2584241eaff314d156aea2d35da8b20b2809c76616e43c8b99161155fa2f423"
        },
        {
            "type": "file",
            "name": "scripts/cobalt.js",
            "size": 2473,
            "hash": "3fc0b092eaab7c8fe643b5e84282d1360e23f3c97d2dcbf8bd3108bd84746e73"
        },
        {
            "type": "file",
            "name": "scripts/mode-javaa.js",
            "size": 38123,
            "hash": "bb78e418cd8c7238bd1d6e26cd1b7430e0c1791fc5f33777dfb34d869e1a5e2e"
        },
        {
            "type": "file",
            "name": "style/article.css",
            "size": 1563,
            "hash": "a44c524b8fe552ddbcccb2f27a20c5db172f1652999a246b6a02cc51013281cb"
        },
        {
            "type": "file",
            "name": "style/doc.css",
            "size": 981,
            "hash": "3b0ecb0a4e8924c515d70ef632a34c1099d3d8800575527cffa0679f42b06ec8"
        }
    ]
}